{
  "asymmetric_conditions": {
    "correlation": {
      "mean": 0.5588109063131845,
      "std": 0.7731821980939222,
      "min": -0.9987464548972711,
      "max": 0.9997861810514342
    },
    "variance_left": {
      "mean": 0.5057535260169124,
      "std": 0.5562741238621177,
      "min": 0.0019273316929198302,
      "max": 1.9383850021396671
    },
    "variance_right": {
      "mean": 0.3154467798849124,
      "std": 0.4336736085206777,
      "min": 0.0010011074844860819,
      "max": 1.5900370377261306
    },
    "covariance": {
      "mean": 0.31650150563072604,
      "std": 0.5106492114963855,
      "min": -0.30085039518030177,
      "max": 1.755216813739453
    }
  },
  "symmetric_conditions": {
    "correlation": {
      "mean": -0.5645591796268535,
      "std": 0.7727123181850594,
      "min": -0.9998176029889518,
      "max": 0.9982891822611896
    },
    "variance_left": {
      "mean": 0.5066874208894784,
      "std": 0.5584521735530698,
      "min": 0.0019566187727188687,
      "max": 1.9472909829028207
    },
    "variance_right": {
      "mean": 0.31533814003787825,
      "std": 0.43345078741702936,
      "min": 0.0009682377208216976,
      "max": 1.5903070736501301
    },
    "covariance": {
      "mean": -0.3167590140009916,
      "std": 0.5114512920608838,
      "min": -1.7594490719779443,
      "max": 0.30174253651009525
    }
  }
}