{
  "analysis_summary": {
    "total_participants": 13,
    "total_trials": 12164,
    "accuracy_threshold": "> 65%",
    "analysis_type": "Evidence accumulation speed and coactive processing"
  },
  "coactive_processing_levels": {
    "high": 0,
    "medium": 0,
    "low": 13
  },
  "context_effects": {
    "symmetric_correlations": {
      "mean": -0.5645591796268535,
      "std": 0.7423979816005357,
      "values": [
        -0.9987541300449875,
        0.26144791648034316,
        -0.9994554143944905,
        -0.9994124158915465,
        -0.999817602988952,
        0.9982891822611897,
        -0.9992651064827037,
        -0.9561158248027569,
        -0.6823107059372653,
        -0.9956973184723011,
        -0.9987075964193652,
        -0.9545583312125032,
        0.9850880127562438
      ]
    },
    "asymmetric_correlations": {
      "mean": 0.5588109063131845,
      "std": 0.7428494276144335,
      "values": [
        0.9987403869395156,
        -0.27680346203713196,
        0.999352897131488,
        0.9989930632000869,
        0.9997861810514342,
        -0.9987464548972711,
        0.9990690149039155,
        0.9381656239471033,
        0.6468703497757198,
        0.9953036796674616,
        0.9981165007813224,
        0.9526876208525829,
        -0.9869936192448274
      ]
    },
    "mean_difference": -1.1233700859400382,
    "statistical_tests": {
      "paired_ttest": {
        "t_statistic": -2.6201442336698038,
        "p_value": 0.02237896145510037
      },
      "wilcoxon_test": {
        "w_statistic": 14.0,
        "p_value": 0.026611328125
      }
    }
  },
  "evidence_accumulation": {
    "mean_evidence_speed": 1.9046328989397094,
    "evidence_speed_range": 1.6508486212621514,
    "parallel_and_correlation": 0.9893557792183801
  },
  "individual_participants": [
    {
      "participant_id": 0,
      "overall_correlation": -0.06801305273636277,
      "symmetric_correlation": -0.9987541300449875,
      "asymmetric_correlation": 0.9987403869395156,
      "coactive_difference": -1.997494516984503,
      "parallel_and_correlation": 0.9859408942546051,
      "mean_evidence_speed": 1.798008430220424,
      "max_evidence_speed": 2.51086253309809,
      "min_evidence_speed": 1.0333000390021716,
      "evidence_speed_range": 1.4775624940959184,
      "n_trials": 940,
      "n_symmetric": 502,
      "n_asymmetric": 438,
      "coactive_level": "Low"
    },
    {
      "participant_id": 1,
      "overall_correlation": -0.02320449886389523,
      "symmetric_correlation": 0.26144791648034316,
      "asymmetric_correlation": -0.27680346203713196,
      "coactive_difference": 0.5382513785174752,
      "parallel_and_correlation": 0.9995043470881261,
      "mean_evidence_speed": 1.8655982615140752,
      "max_evidence_speed": 2.479235868719905,
      "min_evidence_speed": 0.9323211809854556,
      "evidence_speed_range": 1.5469146877344495,
      "n_trials": 946,
      "n_symmetric": 450,
      "n_asymmetric": 496,
      "coactive_level": "Low"
    },
    {
      "participant_id": 2,
      "overall_correlation": 0.022055108217509053,
      "symmetric_correlation": -0.9994554143944905,
      "asymmetric_correlation": 0.999352897131488,
      "coactive_difference": -1.9988083115259785,
      "parallel_and_correlation": 0.9994892323760877,
      "mean_evidence_speed": 1.6324133015735103,
      "max_evidence_speed": 2.56588507231051,
      "min_evidence_speed": 0.7454806876335495,
      "evidence_speed_range": 1.8204043846769609,
      "n_trials": 931,
      "n_symmetric": 456,
      "n_asymmetric": 475,
      "coactive_level": "Low"
    },
    {
      "participant_id": 3,
      "overall_correlation": -0.020930955694146578,
      "symmetric_correlation": -0.9994124158915465,
      "asymmetric_correlation": 0.9989930632000869,
      "coactive_difference": -1.9984054790916335,
      "parallel_and_correlation": 0.9984749899683012,
      "mean_evidence_speed": 1.7983498513868528,
      "max_evidence_speed": 2.6543465379352846,
      "min_evidence_speed": 0.986742970983847,
      "evidence_speed_range": 1.6676035669514375,
      "n_trials": 924,
      "n_symmetric": 472,
      "n_asymmetric": 452,
      "coactive_level": "Low"
    },
    {
      "participant_id": 4,
      "overall_correlation": -0.018127509248232875,
      "symmetric_correlation": -0.999817602988952,
      "asymmetric_correlation": 0.9997861810514342,
      "coactive_difference": -1.9996037840403862,
      "parallel_and_correlation": 0.9998267997883823,
      "mean_evidence_speed": 2.3865253983655226,
      "max_evidence_speed": 3.780754870221625,
      "min_evidence_speed": 0.9048713979398152,
      "evidence_speed_range": 2.8758834722818096,
      "n_trials": 938,
      "n_symmetric": 477,
      "n_asymmetric": 461,
      "coactive_level": "Low"
    },
    {
      "participant_id": 5,
      "overall_correlation": -0.010268963339054743,
      "symmetric_correlation": 0.9982891822611897,
      "asymmetric_correlation": -0.9987464548972711,
      "coactive_difference": 1.9970356371584608,
      "parallel_and_correlation": 0.9887975882578949,
      "mean_evidence_speed": 2.1184063878938066,
      "max_evidence_speed": 2.7757916259401325,
      "min_evidence_speed": 1.4321097928598634,
      "evidence_speed_range": 1.3436818330802691,
      "n_trials": 951,
      "n_symmetric": 470,
      "n_asymmetric": 481,
      "coactive_level": "Low"
    },
    {
      "participant_id": 6,
      "overall_correlation": 0.03255130911841048,
      "symmetric_correlation": -0.9992651064827037,
      "asymmetric_correlation": 0.9990690149039155,
      "coactive_difference": -1.9983341213866193,
      "parallel_and_correlation": 0.9958151259423176,
      "mean_evidence_speed": 2.560115947210546,
      "max_evidence_speed": 3.316793763833917,
      "min_evidence_speed": 1.7582966358540857,
      "evidence_speed_range": 1.5584971279798314,
      "n_trials": 952,
      "n_symmetric": 460,
      "n_asymmetric": 492,
      "coactive_level": "Low"
    },
    {
      "participant_id": 7,
      "overall_correlation": -0.006939117375010474,
      "symmetric_correlation": -0.9561158248027569,
      "asymmetric_correlation": 0.9381656239471033,
      "coactive_difference": -1.8942814487498603,
      "parallel_and_correlation": 0.955423433165329,
      "mean_evidence_speed": 2.017939180463505,
      "max_evidence_speed": 2.414164509540635,
      "min_evidence_speed": 1.5703694897131075,
      "evidence_speed_range": 0.8437950198275275,
      "n_trials": 951,
      "n_symmetric": 475,
      "n_asymmetric": 476,
      "coactive_level": "Low"
    },
    {
      "participant_id": 8,
      "overall_correlation": -0.04420964119622432,
      "symmetric_correlation": -0.6823107059372653,
      "asymmetric_correlation": 0.6468703497757198,
      "coactive_difference": -1.329181055712985,
      "parallel_and_correlation": 0.9988533633470162,
      "mean_evidence_speed": 1.5342394271360382,
      "max_evidence_speed": 2.183857211889665,
      "min_evidence_speed": 0.6351300472847597,
      "evidence_speed_range": 1.5487271646049052,
      "n_trials": 922,
      "n_symmetric": 471,
      "n_asymmetric": 451,
      "coactive_level": "Low"
    },
    {
      "participant_id": 9,
      "overall_correlation": 0.01422898023541594,
      "symmetric_correlation": -0.9956973184723011,
      "asymmetric_correlation": 0.9953036796674616,
      "coactive_difference": -1.9910009981397627,
      "parallel_and_correlation": 0.999919646599326,
      "mean_evidence_speed": 2.900338814222385,
      "max_evidence_speed": 3.7501258146060006,
      "min_evidence_speed": 1.2902443944587385,
      "evidence_speed_range": 2.459881420147262,
      "n_trials": 949,
      "n_symmetric": 467,
      "n_asymmetric": 482,
      "coactive_level": "Low"
    },
    {
      "participant_id": 10,
      "overall_correlation": 0.015010591897042968,
      "symmetric_correlation": -0.9987075964193652,
      "asymmetric_correlation": 0.9981165007813224,