{
  "metadata": {
    "analysis_type": "GRT-LBA",
    "extraction_timestamp": "2025-06-15T07:13:50.975163",
    "subject_id": 32
  },
  "parameter_estimates": {
    "subject_id": 32,
    "parameters": {
      "db1": {
        "mean": 0.5549174555872758,
        "std": 0.07188509314073122,
        "median": 0.5450392682810176,
        "q025": 0.4391730914529746,
        "q975": 0.7321405765931602,
        "shape": [
          2,
          500
        ]
      },
      "db2": {
        "mean": 0.5179668235475724,
        "std": 0.07300903817432823,
        "median": 0.5137232647944359,
        "q025": 0.37698188885541517,
        "q975": 0.6957760075926321,
        "shape": [
          2,
          500
        ]
      },
      "sp": {
        "mean": 1.0009154838532202,
        "std": 0.49130042330111506,
        "median": 0.9248175115482398,
        "q025": 0.28462536663889293,
        "q975": 2.1917883339872675,
        "shape": [
          2,
          500
        ]
      },
      "base_v": {
        "mean": 3.049955541684095,
        "std": 0.1325881123020819,
        "median": 3.045727897997346,
        "q025": 2.7995756528956557,
        "q975": 3.3034866650266337,
        "shape": [
          2,
          500
        ]
      },
      "choice_probs": {
        "mean": 0.25,
        "std": 0.013557478196755873,
        "median": 0.24981904082077538,
        "q025": 0.22377711015028412,
        "q975": 0.27732637140708677,
        "shape": [
          2,
          500,
          4
        ],
        "elements": [
          {
            "index": 0,
            "mean": 0.24097729111676733,
            "std": 0.011372975536046447,
            "median": 0.24169371356594468,
            "q025": 0.21862460411247614,
            "q975": 0.26312060488146644
          },
          {
            "index": 1,
            "mean": 0.24519000294118926,
            "std": 0.011203422912177446,
            "median": 0.24509254910088812,
            "q025": 0.2236152081522948,
            "q975": 0.2679379270953635
          },
          {
            "index": 2,
            "mean": 0.254675941177137,
            "std": 0.011404617780846692,
            "median": 0.25449829827704673,
            "q025": 0.23259761797490153,
            "q975": 0.2776932530171719
          },
          {
            "index": 3,
            "mean": 0.2591567647649065,
            "std": 0.011833772933980713,
            "median": 0.25815318324237474,
            "q025": 0.23702521507359825,
            "q975": 0.28304231286383946
          }
        ]
      },
      "rt_alpha": {
        "mean": 4.049955541684095,
        "std": 0.1325881123020819,
        "median": 4.045727897997346,
        "q025": 3.7995756528956557,
        "q975": 4.303486665026633,
        "shape": [
          2,
          500
        ]
      },
      "rt_beta": {
        "mean": 3.049955541684095,
        "std": 0.1325881123020819,
        "median": 3.045727897997346,
        "q025": 2.7995756528956557,
        "q975": 3.3034866650266337,
        "shape": [
          2,
          500
        ]
      }
    },
    "statistics": {},
    "diagnostics": {
      "db1": {
        "rhat": 1.0,
        "ess_bulk": 442.0,
        "ess_tail": 267.0,
        "mcse_mean": 0.004
      },
      "db2": {
        "rhat": 1.0,
        "ess_bulk": 489.0,
        "ess_tail": 277.0,
        "mcse_mean": 0.004
      },
      "sp": {
        "rhat": 1.02,
        "ess_bulk": 191.0,
        "ess_tail": 116.0,
        "mcse_mean": 0.032
      },
      "base_v": {
        "rhat": 1.0,
        "ess_bulk": 561.0,
        "ess_tail": 724.0,
        "mcse_mean": 0.006
      },
      "choice_probs[0]": {
        "rhat": 1.0,
        "ess_bulk": 676.0,
        "ess_tail": 603.0,
        "mcse_mean": 0.0
      },
      "choice_probs[1]": {
        "rhat": 1.0,
        "ess_bulk": 861.0,
        "ess_tail": 675.0,
        "mcse_mean": 0.0
      },
      "choice_probs[2]": {
        "rhat": 1.0,
        "ess_bulk": 831.0,
        "ess_tail": 655.0,
        "mcse_mean": 0.0
      },
      "choice_probs[3]": {
        "rhat": 1.0,
        "ess_bulk": 688.0,
        "ess_tail": 571.0,
        "mcse_mean": 0.0
      },
      "rt_alpha": {
        "rhat": 1.0,
        "ess_bulk": 561.0,
        "ess_tail": 724.0,
        "mcse_mean": 0.006
      },
      "rt_beta": {
        "rhat": 1.0,
        "ess_bulk": 561.0,
        "ess_tail": 724.0,
        "mcse_mean": 0.006
      }
    }
  },