{
  "metadata": {
    "analysis_type": "GRT-LBA",
    "extraction_timestamp": "2025-06-15T07:13:51.562676",
    "subject_id": 39
  },
  "parameter_estimates": {
    "subject_id": 39,
    "parameters": {
      "db1": {
        "mean": 0.4941281609958775,
        "std": 0.0661977874294091,
        "median": 0.4945461358328858,
        "q025": 0.361341749875763,
        "q975": 0.6277865273340437,
        "shape": [
          2,
          500
        ]
      },
      "db2": {
        "mean": 0.45120723774874316,
        "std": 0.0758723751890929,
        "median": 0.4597897137194482,
        "q025": 0.2766812891300388,
        "q975": 0.5914917315062298,
        "shape": [
          2,
          500
        ]
      },
      "sp": {
        "mean": 1.0185695665335481,
        "std": 0.47579513240156723,
        "median": 0.9308666335401545,
        "q025": 0.3664207682858763,
        "q975": 2.1442584849597175,
        "shape": [
          2,
          500
        ]
      },
      "base_v": {
        "mean": 2.691336946816243,
        "std": 0.12214294044211325,
        "median": 2.686722838427385,
        "q025": 2.47209077461058,
        "q975": 2.953445505774897,
        "shape": [
          2,
          500
        ]
      },
      "choice_probs": {
        "mean": 0.25,
        "std": 0.01321193440613897,
        "median": 0.24982039020702287,
        "q025": 0.22447252709655116,
        "q975": 0.27676322367455075,
        "shape": [
          2,
          500,
          4
        ],
        "elements": [
          {
            "index": 0,
            "mean": 0.2569273953807601,
            "std": 0.011655784806853784,
            "median": 0.256868534116233,
            "q025": 0.2355160148440272,
            "q975": 0.27933849269064626
          },
          {
            "index": 1,
            "mean": 0.24449862206866918,
            "std": 0.011660381038571347,
            "median": 0.24427320178006712,
            "q025": 0.22221003744953483,
            "q975": 0.2679366019110955
          },
          {
            "index": 2,
            "mean": 0.2554784729184836,
            "std": 0.011891787269122035,
            "median": 0.25541337297389,
            "q025": 0.23259653947889275,
            "q975": 0.27917901591979605
          },
          {
            "index": 3,
            "mean": 0.24309550963208715,
            "std": 0.011359789366981931,
            "median": 0.2427796375124927,
            "q025": 0.22202646934373826,
            "q975": 0.26457554147208096
          }
        ]
      },
      "rt_alpha": {
        "mean": 3.691336946816243,
        "std": 0.12214294044211324,
        "median": 3.686722838427385,
        "q025": 3.47209077461058,
        "q975": 3.953445505774897,
        "shape": [
          2,
          500
        ]
      },
      "rt_beta": {
        "mean": 2.691336946816243,
        "std": 0.12214294044211325,
        "median": 2.686722838427385,
        "q025": 2.47209077461058,
        "q975": 2.953445505774897,
        "shape": [
          2,
          500
        ]
      }
    },
    "statistics": {},
    "diagnostics": {
      "db1": {
        "rhat": 1.0,
        "ess_bulk": 509.0,
        "ess_tail": 494.0,
        "mcse_mean": 0.003
      },
      "db2": {
        "rhat": 1.01,
        "ess_bulk": 509.0,
        "ess_tail": 384.0,
        "mcse_mean": 0.004
      },
      "sp": {
        "rhat": 1.0,
        "ess_bulk": 310.0,
        "ess_tail": 242.0,
        "mcse_mean": 0.026
      },
      "base_v": {
        "rhat": 1.0,
        "ess_bulk": 518.0,
        "ess_tail": 461.0,
        "mcse_mean": 0.005
      },
      "choice_probs[0]": {
        "rhat": 1.01,
        "ess_bulk": 599.0,
        "ess_tail": 740.0,
        "mcse_mean": 0.0
      },
      "choice_probs[1]": {
        "rhat": 1.0,
        "ess_bulk": 725.0,
        "ess_tail": 689.0,
        "mcse_mean": 0.0
      },
      "choice_probs[2]": {
        "rhat": 1.0,
        "ess_bulk": 721.0,
        "ess_tail": 677.0,
        "mcse_mean": 0.0
      },
      "choice_probs[3]": {
        "rhat": 1.01,
        "ess_bulk": 602.0,
        "ess_tail": 679.0,
        "mcse_mean": 0.0
      },
      "rt_alpha": {
        "rhat": 1.0,
        "ess_bulk": 518.0,
        "ess_tail": 461.0,
        "mcse_mean": 0.005
      },
      "rt_beta": {
        "rhat": 1.0,
        "ess_bulk": 518.0,
        "ess_tail": 461.0,
        "mcse_mean": 0.005
      }
    }
  },