{
  "metadata": {
    "analysis_type": "GRT-LBA",
    "extraction_timestamp": "2025-06-15T07:13:52.255246",
    "subject_id": 47
  },
  "parameter_estimates": {
    "subject_id": 47,
    "parameters": {
      "db1": {
        "mean": 0.4931479339797796,
        "std": 0.046009885790018704,
        "median": 0.4951964116244393,
        "q025": 0.40039627687059814,
        "q975": 0.5852138604176905,
        "shape": [
          2,
          500
        ]
      },
      "db2": {
        "mean": 0.3043397946113863,
        "std": 0.05731186080967707,
        "median": 0.3019868524042801,
        "q025": 0.20603868088021352,
        "q975": 0.4105276875838294,
        "shape": [
          2,
          500
        ]
      },
      "sp": {
        "mean": 0.6930949432460672,
        "std": 0.23615806435335776,
        "median": 0.668997278419032,
        "q025": 0.32851699179309146,
        "q975": 1.2471177534986146,
        "shape": [
          2,
          500
        ]
      },
      "base_v": {
        "mean": 4.204816557959266,
        "std": 0.18522473825352653,
        "median": 4.2002231149368034,
        "q025": 3.8418039721481656,
        "q975": 4.569296154950636,
        "shape": [
          2,
          500
        ]
      },
      "choice_probs": {
        "mean": 0.25,
        "std": 0.03811472995621671,
        "median": 0.24837858333117024,
        "q025": 0.19613093415717014,
        "q975": 0.306699049315012,
        "shape": [
          2,
          500,
          4
        ],
        "elements": [
          {
            "index": 0,
            "mean": 0.28788891299691294,
            "std": 0.012573367192465882,
            "median": 0.2874489836236716,
            "q025": 0.26461864334341045,
            "q975": 0.3133969203470175
          },
          {
            "index": 1,
            "mean": 0.2148649856125104,
            "std": 0.01051675720594254,
            "median": 0.21486598271296833,
            "q025": 0.19461104725985404,
            "q975": 0.23632154752339826
          },
          {
            "index": 2,
            "mean": 0.2847164523734296,
            "std": 0.012078111967777421,
            "median": 0.28444986279359286,
            "q025": 0.2611924529090066,
            "q975": 0.30886326059369046
          },
          {
            "index": 3,
            "mean": 0.21252964901714708,
            "std": 0.010819417400131936,
            "median": 0.21259969417407334,
            "q025": 0.19083060514375247,
            "q975": 0.23396484351080762
          }
        ]
      },
      "rt_alpha": {
        "mean": 5.204816557959266,
        "std": 0.18522473825352653,
        "median": 5.2002231149368034,
        "q025": 4.841803972148165,
        "q975": 5.569296154950636,
        "shape": [
          2,
          500
        ]
      },
      "rt_beta": {
        "mean": 4.204816557959266,
        "std": 0.18522473825352653,
        "median": 4.2002231149368034,
        "q025": 3.8418039721481656,
        "q975": 4.569296154950636,
        "shape": [
          2,
          500
        ]
      }
    },
    "statistics": {},
    "diagnostics": {
      "db1": {
        "rhat": 1.0,
        "ess_bulk": 844.0,
        "ess_tail": 452.0,
        "mcse_mean": 0.002
      },
      "db2": {
        "rhat": 1.0,
        "ess_bulk": 321.0,
        "ess_tail": 433.0,
        "mcse_mean": 0.003
      },
      "sp": {
        "rhat": 1.0,
        "ess_bulk": 343.0,
        "ess_tail": 332.0,
        "mcse_mean": 0.012
      },
      "base_v": {
        "rhat": 1.0,
        "ess_bulk": 539.0,
        "ess_tail": 587.0,
        "mcse_mean": 0.008
      },
      "choice_probs[0]": {
        "rhat": 1.01,
        "ess_bulk": 938.0,
        "ess_tail": 768.0,
        "mcse_mean": 0.0
      },
      "choice_probs[1]": {
        "rhat": 1.0,
        "ess_bulk": 977.0,
        "ess_tail": 755.0,
        "mcse_mean": 0.0
      },
      "choice_probs[2]": {
        "rhat": 1.0,
        "ess_bulk": 943.0,
        "ess_tail": 720.0,
        "mcse_mean": 0.0
      },
      "choice_probs[3]": {
        "rhat": 1.01,
        "ess_bulk": 963.0,
        "ess_tail": 713.0,
        "mcse_mean": 0.0
      },
      "rt_alpha": {
        "rhat": 1.0,
        "ess_bulk": 539.0,
        "ess_tail": 587.0,
        "mcse_mean": 0.008
      },
      "rt_beta": {
        "rhat": 1.0,
        "ess_bulk": 539.0,
        "ess_tail": 587.0,
        "mcse_mean": 0.008
      }
    }
  },