{
  "metadata": {
    "analysis_type": "GRT-LBA",
    "extraction_timestamp": "2025-06-15T07:13:51.145983",
    "subject_id": 34
  },
  "parameter_estimates": {
    "subject_id": 34,
    "parameters": {
      "db1": {
        "mean": 0.4002547810946252,
        "std": 0.06701570061470385,
        "median": 0.4112053962599067,
        "q025": 0.2458718092325925,
        "q975": 0.49308191502221216,
        "shape": [
          2,
          500
        ]
      },
      "db2": {
        "mean": 0.3239890393415902,
        "std": 0.07274241719647608,
        "median": 0.32099752488279154,
        "q025": 0.2071293275325507,
        "q975": 0.4588313224929426,
        "shape": [
          2,
          500
        ]
      },
      "sp": {
        "mean": 0.7318849329006655,
        "std": 0.32648283639996756,
        "median": 0.7319343938136812,
        "q025": 0.18318291972254103,
        "q975": 1.3908317302592754,
        "shape": [
          2,
          500
        ]
      },
      "base_v": {
        "mean": 3.907881894579308,
        "std": 0.17187608914407926,
        "median": 3.907090850517995,
        "q025": 3.560017222087763,
        "q975": 4.2176069111670405,
        "shape": [
          2,
          500
        ]
      },
      "choice_probs": {
        "mean": 0.25,
        "std": 0.037244407543153675,
        "median": 0.24744784690766902,
        "q025": 0.19115928608280475,
        "q975": 0.3162633068269108,
        "shape": [
          2,
          500,
          4
        ],
        "elements": [
          {
            "index": 0,
            "mean": 0.3003708568842027,
            "std": 0.012382277224074388,
            "median": 0.3000637036274335,
            "q025": 0.27470044251689457,
            "q975": 0.3239581128701563
          },
          {
            "index": 1,
            "mean": 0.23400455762652608,
            "std": 0.01053899507165276,
            "median": 0.23449762180578096,
            "q025": 0.21390711887104466,
            "q975": 0.25408854078854154
          },
          {
            "index": 2,
            "mean": 0.2617082293765477,
            "std": 0.011255134785538273,
            "median": 0.2610350406992305,
            "q025": 0.2419571255016574,
            "q975": 0.28309082700262955
          },
          {
            "index": 3,
            "mean": 0.20391635611272355,
            "std": 0.010180964517774527,
            "median": 0.2041838328570723,
            "q025": 0.18527880509662675,
            "q975": 0.2259108207705039
          }
        ]
      },
      "rt_alpha": {
        "mean": 4.907881894579307,
        "std": 0.17187608914407929,
        "median": 4.907090850517995,
        "q025": 4.5600172220877635,
        "q975": 5.2176069111670405,
        "shape": [
          2,
          500
        ]
      },
      "rt_beta": {
        "mean": 3.907881894579308,
        "std": 0.17187608914407926,
        "median": 3.907090850517995,
        "q025": 3.560017222087763,
        "q975": 4.2176069111670405,
        "shape": [
          2,
          500
        ]
      }
    },
    "statistics": {},
    "diagnostics": {
      "db1": {
        "rhat": 1.01,
        "ess_bulk": 88.0,
        "ess_tail": 291.0,
        "mcse_mean": 0.006
      },
      "db2": {
        "rhat": 1.06,
        "ess_bulk": 29.0,
        "ess_tail": 25.0,
        "mcse_mean": 0.014
      },
      "sp": {
        "rhat": 1.05,
        "ess_bulk": 24.0,
        "ess_tail": 9.0,
        "mcse_mean": 0.058
      },
      "base_v": {
        "rhat": 1.02,
        "ess_bulk": 67.0,
        "ess_tail": 266.0,
        "mcse_mean": 0.021
      },
      "choice_probs[0]": {
        "rhat": 1.0,
        "ess_bulk": 716.0,
        "ess_tail": 740.0,
        "mcse_mean": 0.0
      },
      "choice_probs[1]": {
        "rhat": 1.0,
        "ess_bulk": 491.0,
        "ess_tail": 705.0,
        "mcse_mean": 0.0
      },
      "choice_probs[2]": {
        "rhat": 1.01,
        "ess_bulk": 505.0,
        "ess_tail": 640.0,
        "mcse_mean": 0.001
      },
      "choice_probs[3]": {
        "rhat": 1.0,
        "ess_bulk": 728.0,
        "ess_tail": 691.0,
        "mcse_mean": 0.0
      },
      "rt_alpha": {
        "rhat": 1.02,
        "ess_bulk": 67.0,
        "ess_tail": 266.0,
        "mcse_mean": 0.021
      },
      "rt_beta": {
        "rhat": 1.02,
        "ess_bulk": 67.0,
        "ess_tail": 266.0,
        "mcse_mean": 0.021
      }
    }
  },