{
  "metadata": {
    "analysis_type": "GRT-LBA",
    "extraction_timestamp": "2025-06-15T07:13:52.008516",
    "subject_id": 44
  },
  "parameter_estimates": {
    "subject_id": 44,
    "parameters": {
      "db1": {
        "mean": 0.4839499560431923,
        "std": 0.06779659062434895,
        "median": 0.48690605818135446,
        "q025": 0.3370954348559468,
        "q975": 0.6185158193835497,
        "shape": [
          2,
          500
        ]
      },
      "db2": {
        "mean": 0.6668992988401351,
        "std": 0.07127517017768968,
        "median": 0.6618029286938925,
        "q025": 0.5433248119800272,
        "q975": 0.7943378859008328,
        "shape": [
          2,
          500
        ]
      },
      "sp": {
        "mean": 0.9214185693227035,
        "std": 0.37444083074155093,
        "median": 0.8650758384347045,
        "q025": 0.3902952441174231,
        "q975": 1.8255091231447451,
        "shape": [
          2,
          500
        ]
      },
      "base_v": {
        "mean": 3.749553463284495,
        "std": 0.16952310368640502,
        "median": 3.7479467437407075,
        "q025": 3.4056975014496054,
        "q975": 4.087664639219138,
        "shape": [
          2,
          500
        ]
      },
      "choice_probs": {
        "mean": 0.25,
        "std": 0.026125004596941722,
        "median": 0.24938393947614734,
        "q025": 0.2089107806661546,
        "q975": 0.29340956978820415,
        "shape": [
          2,
          500,
          4
        ],
        "elements": [
          {
            "index": 0,
            "mean": 0.22860887351648998,
            "std": 0.011050590803189814,
            "median": 0.22912780689141138,
            "q025": 0.206492500925643,
            "q975": 0.24957427606868063
          },
          {
            "index": 1,
            "mean": 0.27568398408835126,
            "std": 0.01207314528652989,
            "median": 0.2756613708982757,
            "q025": 0.2523286949678241,
            "q975": 0.30103245528824973
          },
          {
            "index": 2,
            "mean": 0.2247114517542468,
            "std": 0.010854082344509035,
            "median": 0.22459516450540068,
            "q025": 0.20263534902234892,
            "q975": 0.246515828423277
          },
          {
            "index": 3,
            "mean": 0.2709956906409119,
            "std": 0.012116061004280768,
            "median": 0.27018437620525315,
            "q025": 0.24880996777246323,
            "q975": 0.29526559630685617
          }
        ]
      },
      "rt_alpha": {
        "mean": 4.749553463284496,
        "std": 0.16952310368640502,
        "median": 4.747946743740708,
        "q025": 4.405697501449605,
        "q975": 5.087664639219138,
        "shape": [
          2,
          500
        ]
      },
      "rt_beta": {
        "mean": 3.749553463284495,
        "std": 0.16952310368640502,
        "median": 3.7479467437407075,
        "q025": 3.4056975014496054,
        "q975": 4.087664639219138,
        "shape": [
          2,
          500
        ]
      }
    },
    "statistics": {},
    "diagnostics": {
      "db1": {
        "rhat": 1.01,
        "ess_bulk": 588.0,
        "ess_tail": 395.0,
        "mcse_mean": 0.003
      },
      "db2": {
        "rhat": 1.01,
        "ess_bulk": 220.0,
        "ess_tail": 266.0,
        "mcse_mean": 0.005
      },
      "sp": {
        "rhat": 1.01,
        "ess_bulk": 236.0,
        "ess_tail": 360.0,
        "mcse_mean": 0.025
      },
      "base_v": {
        "rhat": 1.0,
        "ess_bulk": 587.0,
        "ess_tail": 597.0,
        "mcse_mean": 0.007
      },
      "choice_probs[0]": {
        "rhat": 1.0,
        "ess_bulk": 951.0,
        "ess_tail": 760.0,
        "mcse_mean": 0.0
      },
      "choice_probs[1]": {
        "rhat": 1.0,
        "ess_bulk": 757.0,
        "ess_tail": 542.0,
        "mcse_mean": 0.0
      },
      "choice_probs[2]": {
        "rhat": 1.0,
        "ess_bulk": 789.0,
        "ess_tail": 524.0,
        "mcse_mean": 0.0
      },
      "choice_probs[3]": {
        "rhat": 1.0,
        "ess_bulk": 897.0,
        "ess_tail": 776.0,
        "mcse_mean": 0.0
      },
      "rt_alpha": {
        "rhat": 1.0,
        "ess_bulk": 587.0,
        "ess_tail": 597.0,
        "mcse_mean": 0.007
      },
      "rt_beta": {
        "rhat": 1.0,
        "ess_bulk": 587.0,
        "ess_tail": 597.0,
        "mcse_mean": 0.007
      }
    }
  },