{
  "metadata": {
    "analysis_type": "GRT-LBA",
    "extraction_timestamp": "2025-06-15T07:13:51.926880",
    "subject_id": 43
  },
  "parameter_estimates": {
    "subject_id": 43,
    "parameters": {
      "db1": {
        "mean": 0.5591508264390136,
        "std": 0.06493021612067607,
        "median": 0.5520538759506795,
        "q025": 0.4515901382200228,
        "q975": 0.7102721853140822,
        "shape": [
          2,
          500
        ]
      },
      "db2": {
        "mean": 0.39474580275090654,
        "std": 0.06920808138139863,
        "median": 0.4017756107529666,
        "q025": 0.2452325410345403,
        "q975": 0.513502327359699,
        "shape": [
          2,
          500
        ]
      },
      "sp": {
        "mean": 0.9634065136555838,
        "std": 0.4205560073621495,
        "median": 0.9076581398272319,
        "q025": 0.3554018963924934,
        "q975": 1.930848052055381,
        "shape": [
          2,
          500
        ]
      },
      "base_v": {
        "mean": 2.3780273517844916,
        "std": 0.10638724358990567,
        "median": 2.378096011189317,
        "q025": 2.1751111028564742,
        "q975": 2.5981466613360977,
        "shape": [
          2,
          500
        ]
      },
      "choice_probs": {
        "mean": 0.25,
        "std": 0.019529872954047126,
        "median": 0.24955457801947845,
        "q025": 0.21422217908570876,
        "q975": 0.2883617437742669,
        "shape": [
          2,
          500,
          4
        ],
        "elements": [
          {
            "index": 0,
            "mean": 0.25573040947616044,
            "std": 0.010771610110942999,
            "median": 0.25599128672372795,
            "q025": 0.23386970834121507,
            "q975": 0.2766021301298384
          },
          {
            "index": 1,
            "mean": 0.22849320576159216,
            "std": 0.010816569455820711,
            "median": 0.22836094091723586,
            "q025": 0.2076342308012787,
            "q975": 0.2499925431888418
          },
          {
            "index": 2,
            "mean": 0.2724244472174705,
            "std": 0.011800938882937897,
            "median": 0.27213701133298585,
            "q025": 0.24969591464654686,
            "q975": 0.29564434903330095
          },
          {
            "index": 3,
            "mean": 0.24335193754477694,
            "std": 0.010532970811501315,
            "median": 0.24306912711932918,
            "q025": 0.22295235838758684,
            "q975": 0.2647848003229954
          }
        ]
      },
      "rt_alpha": {
        "mean": 3.3780273517844916,
        "std": 0.10638724358990567,
        "median": 3.378096011189317,
        "q025": 3.1751111028564742,
        "q975": 3.5981466613360977,
        "shape": [
          2,
          500
        ]
      },
      "rt_beta": {
        "mean": 2.3780273517844916,
        "std": 0.10638724358990567,
        "median": 2.378096011189317,
        "q025": 2.1751111028564742,
        "q975": 2.5981466613360977,
        "shape": [
          2,
          500
        ]
      }
    },
    "statistics": {},
    "diagnostics": {
      "db1": {
        "rhat": 1.0,
        "ess_bulk": 676.0,
        "ess_tail": 509.0,
        "mcse_mean": 0.003
      },
      "db2": {
        "rhat": 1.0,
        "ess_bulk": 445.0,
        "ess_tail": 371.0,
        "mcse_mean": 0.003
      },
      "sp": {
        "rhat": 1.01,
        "ess_bulk": 237.0,
        "ess_tail": 189.0,
        "mcse_mean": 0.025
      },
      "base_v": {
        "rhat": 1.0,
        "ess_bulk": 536.0,
        "ess_tail": 556.0,
        "mcse_mean": 0.005
      },
      "choice_probs[0]": {
        "rhat": 1.0,
        "ess_bulk": 764.0,
        "ess_tail": 668.0,
        "mcse_mean": 0.0
      },
      "choice_probs[1]": {
        "rhat": 1.0,
        "ess_bulk": 950.0,
        "ess_tail": 817.0,
        "mcse_mean": 0.0
      },
      "choice_probs[2]": {
        "rhat": 1.0,
        "ess_bulk": 955.0,
        "ess_tail": 817.0,
        "mcse_mean": 0.0
      },
      "choice_probs[3]": {
        "rhat": 1.0,
        "ess_bulk": 788.0,
        "ess_tail": 629.0,
        "mcse_mean": 0.0
      },
      "rt_alpha": {
        "rhat": 1.0,
        "ess_bulk": 536.0,
        "ess_tail": 556.0,
        "mcse_mean": 0.005
      },
      "rt_beta": {
        "rhat": 1.0,
        "ess_bulk": 536.0,
        "ess_tail": 556.0,
        "mcse_mean": 0.005
      }
    }
  },