{
  "metadata": {
    "analysis_type": "GRT-LBA",
    "extraction_timestamp": "2025-06-15T07:13:51.734911",
    "subject_id": 41
  },
  "parameter_estimates": {
    "subject_id": 41,
    "parameters": {
      "db1": {
        "mean": 0.6787014662677066,
        "std": 0.0777915761851775,
        "median": 0.6891386521876288,
        "q025": 0.5466607735527957,
        "q975": 0.7955138741144165,
        "shape": [
          2,
          500
        ]
      },
      "db2": {
        "mean": 0.4194901344862858,
        "std": 0.05437156634337095,
        "median": 0.430912634911613,
        "q025": 0.29828763622050736,
        "q975": 0.49610164465107465,
        "shape": [
          2,
          500
        ]
      },
      "sp": {
        "mean": 0.59068188097184,
        "std": 0.26104929381065817,
        "median": 0.5930039729289815,
        "q025": 0.22224593362540762,
        "q975": 1.124067642438511,
        "shape": [
          2,
          500
        ]
      },
      "base_v": {
        "mean": 2.1704066814838705,
        "std": 0.08569622701506427,
        "median": 2.182235781414744,
        "q025": 2.0028925284149506,
        "q975": 2.338375989984507,
        "shape": [
          2,
          500
        ]
      },
      "choice_probs": {
        "mean": 0.25,
        "std": 0.04289201569044258,
        "median": 0.24716936390058053,
        "q025": 0.1853194729971462,
        "q975": 0.3229746898323572,
        "shape": [
          2,
          500,
          4
        ],
        "elements": [
          {
            "index": 0,
            "mean": 0.22668799726224007,
            "std": 0.011462031076550014,
            "median": 0.22648728932646092,
            "q025": 0.20474056210450162,
            "q975": 0.24545528274633815
          },
          {
            "index": 1,
            "mean": 0.19797047906162243,
            "std": 0.009658335608459532,
            "median": 0.19779848440169023,
            "q025": 0.1783473339434121,
            "q975": 0.2155611883895394
          },
          {
            "index": 2,
            "mean": 0.30707235514341064,
            "std": 0.01196908121271526,
            "median": 0.30693936182781467,
            "q025": 0.2850386663189089,
            "q975": 0.33205240606077546
          },
          {
            "index": 3,
            "mean": 0.26826916853272686,
            "std": 0.012224678749951605,
            "median": 0.26747386941484774,
            "q025": 0.24847430732860248,
            "q975": 0.29305957271864186
          }
        ]
      },
      "rt_alpha": {
        "mean": 3.1704066814838705,
        "std": 0.08569622701506427,
        "median": 3.182235781414744,
        "q025": 3.0028925284149506,
        "q975": 3.338375989984507,
        "shape": [
          2,
          500
        ]
      },
      "rt_beta": {
        "mean": 2.1704066814838705,
        "std": 0.08569622701506427,
        "median": 2.182235781414744,
        "q025": 2.0028925284149506,
        "q975": 2.338375989984507,
        "shape": [
          2,
          500
        ]
      }
    },
    "statistics": {},
    "diagnostics": {
      "db1": {
        "rhat": 1.11,
        "ess_bulk": 16.0,
        "ess_tail": 5.0,
        "mcse_mean": 0.02
      },
      "db2": {
        "rhat": 1.05,
        "ess_bulk": 36.0,
        "ess_tail": 326.0,
        "mcse_mean": 0.008
      },
      "sp": {
        "rhat": 1.1,
        "ess_bulk": 16.0,
        "ess_tail": 5.0,
        "mcse_mean": 0.061
      },
      "base_v": {
        "rhat": 1.03,
        "ess_bulk": 265.0,
        "ess_tail": 295.0,
        "mcse_mean": 0.005
      },
      "choice_probs[0]": {
        "rhat": 1.07,
        "ess_bulk": 25.0,
        "ess_tail": 84.0,
        "mcse_mean": 0.002
      },
      "choice_probs[1]": {
        "rhat": 1.05,
        "ess_bulk": 31.0,
        "ess_tail": 535.0,
        "mcse_mean": 0.002
      },
      "choice_probs[2]": {
        "rhat": 1.04,
        "ess_bulk": 48.0,
        "ess_tail": 534.0,
        "mcse_mean": 0.002
      },
      "choice_probs[3]": {
        "rhat": 1.05,
        "ess_bulk": 37.0,
        "ess_tail": 78.0,
        "mcse_mean": 0.002
      },
      "rt_alpha": {
        "rhat": 1.03,
        "ess_bulk": 265.0,
        "ess_tail": 295.0,
        "mcse_mean": 0.005
      },
      "rt_beta": {
        "rhat": 1.03,
        "ess_bulk": 265.0,
        "ess_tail": 295.0,
        "mcse_mean": 0.005
      }
    }
  },