{
  "metadata": {
    "analysis_type": "GRT-LBA",
    "extraction_timestamp": "2025-06-15T07:13:51.474648",
    "subject_id": 38
  },
  "parameter_estimates": {
    "subject_id": 38,
    "parameters": {
      "db1": {
        "mean": 0.34932580666125007,
        "std": 0.06795997292455867,
        "median": 0.35738397256590027,
        "q025": 0.21435746938473843,
        "q975": 0.4635250631319283,
        "shape": [
          2,
          500
        ]
      },
      "db2": {
        "mean": 0.34863390874164546,
        "std": 0.0682403856267129,
        "median": 0.3584868525447611,
        "q025": 0.20748492432366816,
        "q975": 0.4553337406831362,
        "shape": [
          2,
          500
        ]
      },
      "sp": {
        "mean": 0.8632967589045145,
        "std": 0.3246396415948848,
        "median": 0.8253494601056358,
        "q025": 0.3477599736711794,
        "q975": 1.5419761975110118,
        "shape": [
          2,
          500
        ]
      },
      "base_v": {
        "mean": 2.83104213615617,
        "std": 0.13396690891488003,
        "median": 2.8210309189593445,
        "q025": 2.57554386117388,
        "q975": 3.1315969301284574,
        "shape": [
          2,
          500
        ]
      },
      "choice_probs": {
        "mean": 0.25,
        "std": 0.033751008945949304,
        "median": 0.24785095886966535,
        "q025": 0.19393274077889022,
        "q975": 0.3127947994098837,
        "shape": [
          2,
          500,
          4
        ],
        "elements": [
          {
            "index": 0,
            "mean": 0.29701540222596556,
            "std": 0.012333930815895856,
            "median": 0.297168021650715,
            "q025": 0.2731673017090019,
            "q975": 0.3222559216648346
          },
          {
            "index": 1,
            "mean": 0.2477588043004521,
            "std": 0.010869486605736998,
            "median": 0.24752546410174248,
            "q025": 0.22725881844212475,
            "q975": 0.268997192825894
          },
          {
            "index": 2,
            "mean": 0.2481714620632196,
            "std": 0.01081120452830075,
            "median": 0.24821772804005832,
            "q025": 0.227175538096378,
            "q975": 0.2696055664033796
          },
          {
            "index": 3,
            "mean": 0.20705433141036275,
            "std": 0.010306487347862428,
            "median": 0.20678455313926172,
            "q025": 0.1867804186979918,
            "q975": 0.2275713456353577
          }
        ]
      },
      "rt_alpha": {
        "mean": 3.83104213615617,
        "std": 0.13396690891488003,
        "median": 3.8210309189593445,
        "q025": 3.57554386117388,
        "q975": 4.131596930128458,
        "shape": [
          2,
          500
        ]
      },
      "rt_beta": {
        "mean": 2.83104213615617,
        "std": 0.13396690891488003,
        "median": 2.8210309189593445,
        "q025": 2.57554386117388,
        "q975": 3.1315969301284574,
        "shape": [
          2,
          500
        ]
      }
    },
    "statistics": {},
    "diagnostics": {
      "db1": {
        "rhat": 1.0,
        "ess_bulk": 400.0,
        "ess_tail": 280.0,
        "mcse_mean": 0.003
      },
      "db2": {
        "rhat": 1.0,
        "ess_bulk": 246.0,
        "ess_tail": 141.0,
        "mcse_mean": 0.004
      },
      "sp": {
        "rhat": 1.01,
        "ess_bulk": 282.0,
        "ess_tail": 330.0,
        "mcse_mean": 0.019
      },
      "base_v": {
        "rhat": 1.01,
        "ess_bulk": 542.0,
        "ess_tail": 383.0,
        "mcse_mean": 0.006
      },
      "choice_probs[0]": {
        "rhat": 1.01,
        "ess_bulk": 1010.0,
        "ess_tail": 718.0,
        "mcse_mean": 0.0
      },
      "choice_probs[1]": {
        "rhat": 1.0,
        "ess_bulk": 676.0,
        "ess_tail": 787.0,
        "mcse_mean": 0.0
      },
      "choice_probs[2]": {
        "rhat": 1.0,
        "ess_bulk": 673.0,
        "ess_tail": 794.0,
        "mcse_mean": 0.0
      },
      "choice_probs[3]": {
        "rhat": 1.01,
        "ess_bulk": 1011.0,
        "ess_tail": 718.0,
        "mcse_mean": 0.0
      },
      "rt_alpha": {
        "rhat": 1.01,
        "ess_bulk": 542.0,
        "ess_tail": 383.0,
        "mcse_mean": 0.006
      },
      "rt_beta": {
        "rhat": 1.01,
        "ess_bulk": 542.0,
        "ess_tail": 383.0,
        "mcse_mean": 0.006
      }
    }
  },