{
  "metadata": {
    "analysis_type": "GRT-LBA",
    "extraction_timestamp": "2025-06-15T07:13:51.229598",
    "subject_id": 35
  },
  "parameter_estimates": {
    "subject_id": 35,
    "parameters": {
      "db1": {
        "mean": 0.6571924113975762,
        "std": 0.033615681036906195,
        "median": 0.6581261673500834,
        "q025": 0.5939143251903819,
        "q975": 0.719641657322086,
        "shape": [
          2,
          500
        ]
      },
      "db2": {
        "mean": 0.7384522490172151,
        "std": 0.043557439506378276,
        "median": 0.7450813921100584,
        "q025": 0.6494675518627024,
        "q975": 0.7980032463209721,
        "shape": [
          2,
          500
        ]
      },
      "sp": {
        "mean": 0.2517835719855191,
        "std": 0.04710759840897031,
        "median": 0.2582292643475249,
        "q025": 0.160449960804836,
        "q975": 0.33277672429568417,
        "shape": [
          2,
          500
        ]
      },
      "base_v": {
        "mean": 2.7242617887368965,
        "std": 0.1308778078312735,
        "median": 2.7140646981467156,
        "q025": 2.4792497223116445,
        "q975": 2.9988834729098524,
        "shape": [
          2,
          500
        ]
      },
      "choice_probs": {
        "mean": 0.25,
        "std": 0.13844347268782606,
        "median": 0.21294977723683972,
        "q025": 0.08878981763860957,
        "q975": 0.48867205053021306,
        "shape": [
          2,
          500,
          4
        ],
        "elements": [
          {
            "index": 0,
            "mean": 0.09734560071983506,
            "std": 0.006778374981545145,
            "median": 0.09718010987922925,
            "q025": 0.08453396159801445,
            "q975": 0.11028443368613107
          },
          {
            "index": 1,
            "mean": 0.2514755749983128,
            "std": 0.012683631362091665,
            "median": 0.251416416400429,
            "q025": 0.22635844959458312,
            "q975": 0.2764114230094595
          },
          {
            "index": 2,
            "mean": 0.18172958220020927,
            "std": 0.010576723799346365,
            "median": 0.18130698917318372,
            "q025": 0.16091526513619633,
            "q975": 0.2024848484767394
          },
          {
            "index": 3,
            "mean": 0.46944924208164285,
            "std": 0.014944223743061952,
            "median": 0.46923673488909073,
            "q025": 0.44098657417643744,
            "q975": 0.4985662428906038
          }
        ]
      },
      "rt_alpha": {
        "mean": 3.7242617887368965,
        "std": 0.1308778078312735,
        "median": 3.7140646981467156,
        "q025": 3.4792497223116445,
        "q975": 3.9988834729098524,
        "shape": [
          2,
          500
        ]
      },
      "rt_beta": {
        "mean": 2.7242617887368965,
        "std": 0.1308778078312735,
        "median": 2.7140646981467156,
        "q025": 2.4792497223116445,
        "q975": 2.9988834729098524,
        "shape": [
          2,
          500
        ]
      }
    },
    "statistics": {},
    "diagnostics": {
      "db1": {
        "rhat": 1.03,
        "ess_bulk": 78.0,
        "ess_tail": 34.0,
        "mcse_mean": 0.004
      },
      "db2": {
        "rhat": 1.04,
        "ess_bulk": 71.0,
        "ess_tail": 18.0,
        "mcse_mean": 0.005
      },
      "sp": {
        "rhat": 1.04,
        "ess_bulk": 67.0,
        "ess_tail": 16.0,
        "mcse_mean": 0.006
      },
      "base_v": {
        "rhat": 1.03,
        "ess_bulk": 134.0,
        "ess_tail": 246.0,
        "mcse_mean": 0.011
      },
      "choice_probs[0]": {
        "rhat": 1.0,
        "ess_bulk": 589.0,
        "ess_tail": 642.0,
        "mcse_mean": 0.0
      },
      "choice_probs[1]": {
        "rhat": 1.01,
        "ess_bulk": 720.0,
        "ess_tail": 550.0,
        "mcse_mean": 0.0
      },
      "choice_probs[2]": {
        "rhat": 1.0,
        "ess_bulk": 886.0,
        "ess_tail": 947.0,
        "mcse_mean": 0.0
      },
      "choice_probs[3]": {
        "rhat": 1.0,
        "ess_bulk": 589.0,
        "ess_tail": 579.0,
        "mcse_mean": 0.001
      },
      "rt_alpha": {
        "rhat": 1.03,
        "ess_bulk": 134.0,
        "ess_tail": 246.0,
        "mcse_mean": 0.011
      },
      "rt_beta": {
        "rhat": 1.03,
        "ess_bulk": 134.0,
        "ess_tail": 246.0,
        "mcse_mean": 0.011
      }
    }
  },