{
  "metadata": {
    "analysis_type": "GRT-LBA",
    "extraction_timestamp": "2025-06-15T07:13:51.057247",
    "subject_id": 33
  },
  "parameter_estimates": {
    "subject_id": 33,
    "parameters": {
      "db1": {
        "mean": 0.5430446639708167,
        "std": 0.06937912401193252,
        "median": 0.5322398630325716,
        "q025": 0.41118206722317674,
        "q975": 0.6980933904464183,
        "shape": [
          2,
          500
        ]
      },
      "db2": {
        "mean": 0.5985873162134165,
        "std": 0.07481077871331133,
        "median": 0.5853300427861967,
        "q025": 0.4830438749178916,
        "q975": 0.7764304118886826,
        "shape": [
          2,
          500
        ]
      },
      "sp": {
        "mean": 0.9425688949826411,
        "std": 0.45219038225939046,
        "median": 0.8792912956115977,
        "q025": 0.22237775996732992,
        "q975": 2.0103049684852383,
        "shape": [
          2,
          500
        ]
      },
      "base_v": {
        "mean": 2.9249592381597997,
        "std": 0.13087556177751364,
        "median": 2.9213503279249453,
        "q025": 2.6741256004218545,
        "q975": 3.1966540049359278,
        "shape": [
          2,
          500
        ]
      },
      "choice_probs": {
        "mean": 0.25,
        "std": 0.01810899739443529,
        "median": 0.24958272524603017,
        "q025": 0.2169473956431482,
        "q975": 0.2848603464232537,
        "shape": [
          2,
          500,
          4
        ],
        "elements": [
          {
            "index": 0,
            "mean": 0.2314925931956272,
            "std": 0.010213689519466237,
            "median": 0.23131934070404453,
            "q025": 0.2118236506002626,
            "q975": 0.2525810016464512
          },
          {
            "index": 1,
            "mean": 0.2573581885085871,
            "std": 0.011689332510439434,
            "median": 0.25720923997676703,
            "q025": 0.23579185049952603,
            "q975": 0.28261210400151426
          },
          {
            "index": 2,
            "mean": 0.24208936507006626,
            "std": 0.011237739315707679,
            "median": 0.24193213541223796,
            "q025": 0.21841795875246778,
            "q975": 0.2625559254808473
          },
          {
            "index": 3,
            "mean": 0.26905985322571946,
            "std": 0.011044148619431033,
            "median": 0.26895375584127634,
            "q025": 0.24733780642086048,
            "q975": 0.29119940249360166
          }
        ]
      },
      "rt_alpha": {
        "mean": 3.9249592381597997,
        "std": 0.13087556177751364,
        "median": 3.9213503279249453,
        "q025": 3.6741256004218545,
        "q975": 4.196654004935928,
        "shape": [
          2,
          500
        ]
      },
      "rt_beta": {
        "mean": 2.9249592381597997,
        "std": 0.13087556177751364,
        "median": 2.9213503279249453,
        "q025": 2.6741256004218545,
        "q975": 3.1966540049359278,
        "shape": [
          2,
          500
        ]
      }
    },
    "statistics": {},
    "diagnostics": {
      "db1": {
        "rhat": 1.01,
        "ess_bulk": 528.0,
        "ess_tail": 376.0,
        "mcse_mean": 0.003
      },
      "db2": {
        "rhat": 1.0,
        "ess_bulk": 334.0,
        "ess_tail": 238.0,
        "mcse_mean": 0.004
      },
      "sp": {
        "rhat": 1.01,
        "ess_bulk": 150.0,
        "ess_tail": 47.0,
        "mcse_mean": 0.031
      },
      "base_v": {
        "rhat": 1.0,
        "ess_bulk": 499.0,
        "ess_tail": 468.0,
        "mcse_mean": 0.006
      },
      "choice_probs[0]": {
        "rhat": 1.0,
        "ess_bulk": 772.0,
        "ess_tail": 695.0,
        "mcse_mean": 0.0
      },
      "choice_probs[1]": {
        "rhat": 1.0,
        "ess_bulk": 839.0,
        "ess_tail": 634.0,
        "mcse_mean": 0.0
      },
      "choice_probs[2]": {
        "rhat": 1.0,
        "ess_bulk": 864.0,
        "ess_tail": 708.0,
        "mcse_mean": 0.0
      },
      "choice_probs[3]": {
        "rhat": 1.0,
        "ess_bulk": 773.0,
        "ess_tail": 676.0,
        "mcse_mean": 0.0
      },
      "rt_alpha": {
        "rhat": 1.0,
        "ess_bulk": 499.0,
        "ess_tail": 468.0,
        "mcse_mean": 0.006
      },
      "rt_beta": {
        "rhat": 1.0,
        "ess_bulk": 499.0,
        "ess_tail": 468.0,
        "mcse_mean": 0.006
      }
    }
  },