{
  "metadata": {
    "analysis_type": "GRT-LBA",
    "extraction_timestamp": "2025-06-15T07:13:52.341247",
    "subject_id": 48
  },
  "parameter_estimates": {
    "subject_id": 48,
    "parameters": {
      "db1": {
        "mean": 0.3931048613295736,
        "std": 0.05605136858610908,
        "median": 0.40117635257750617,
        "q025": 0.24772357146415838,
        "q975": 0.4759415874760848,
        "shape": [
          2,
          500
        ]
      },
      "db2": {
        "mean": 0.7209832067504971,
        "std": 0.05695494419838309,
        "median": 0.7289537099212254,
        "q025": 0.6026331819939346,
        "q975": 0.7981267869195063,
        "shape": [
          2,
          500
        ]
      },
      "sp": {
        "mean": 0.6178723317256563,
        "std": 0.19187862482283072,
        "median": 0.6075999266651393,
        "q025": 0.3053118195732981,
        "q975": 1.030077214495836,
        "shape": [
          2,
          500
        ]
      },
      "base_v": {
        "mean": 5.809700359868782,
        "std": 0.28392702988171037,
        "median": 5.80027441249228,
        "q025": 5.285031369681483,
        "q975": 6.397182872439361,
        "shape": [
          2,
          500
        ]
      },
      "choice_probs": {
        "mean": 0.25,
        "std": 0.051855479163277374,
        "median": 0.24525583759124397,
        "q025": 0.17530540968433778,
        "q975": 0.33676541239068725,
        "shape": [
          2,
          500,
          4
        ],
        "elements": [
          {
            "index": 0,
            "mean": 0.22231271848575107,
            "std": 0.011633615178369576,
            "median": 0.22218078971150687,
            "q025": 0.19993202676466798,
            "q975": 0.24599272561915816
          },
          {
            "index": 1,
            "mean": 0.32099427454085266,
            "std": 0.01290524514140368,
            "median": 0.32151055768268855,
            "q025": 0.29397680128405757,
            "q975": 0.34610341252761434
          },
          {
            "index": 2,
            "mean": 0.18683674888527002,
            "std": 0.009857205001592047,
            "median": 0.18615877282933965,
            "q025": 0.168433248890427,
            "q975": 0.20853091475690005
          },
          {
            "index": 3,
            "mean": 0.2698562580881262,
            "std": 0.01289465704913878,
            "median": 0.2702731093808568,
            "q025": 0.24446308258602795,
            "q975": 0.29529200299807046
          }
        ]
      },
      "rt_alpha": {
        "mean": 6.809700359868781,
        "std": 0.28392702988171037,
        "median": 6.80027441249228,
        "q025": 6.285031369681483,
        "q975": 7.397182872439361,
        "shape": [
          2,
          500
        ]
      },
      "rt_beta": {
        "mean": 5.809700359868782,
        "std": 0.28392702988171037,
        "median": 5.80027441249228,
        "q025": 5.285031369681483,
        "q975": 6.397182872439361,
        "shape": [
          2,
          500
        ]
      }
    },
    "statistics": {},
    "diagnostics": {
      "db1": {
        "rhat": 1.01,
        "ess_bulk": 273.0,
        "ess_tail": 232.0,
        "mcse_mean": 0.004
      },
      "db2": {
        "rhat": 1.01,
        "ess_bulk": 159.0,
        "ess_tail": 155.0,
        "mcse_mean": 0.004
      },
      "sp": {
        "rhat": 1.01,
        "ess_bulk": 163.0,
        "ess_tail": 132.0,
        "mcse_mean": 0.014
      },
      "base_v": {
        "rhat": 1.0,
        "ess_bulk": 476.0,
        "ess_tail": 353.0,
        "mcse_mean": 0.013
      },
      "choice_probs[0]": {
        "rhat": 1.0,
        "ess_bulk": 540.0,
        "ess_tail": 308.0,
        "mcse_mean": 0.001
      },
      "choice_probs[1]": {
        "rhat": 1.0,
        "ess_bulk": 853.0,
        "ess_tail": 617.0,
        "mcse_mean": 0.0
      },
      "choice_probs[2]": {
        "rhat": 1.0,
        "ess_bulk": 905.0,
        "ess_tail": 590.0,
        "mcse_mean": 0.0
      },
      "choice_probs[3]": {
        "rhat": 1.0,
        "ess_bulk": 541.0,
        "ess_tail": 413.0,
        "mcse_mean": 0.001
      },
      "rt_alpha": {
        "rhat": 1.0,
        "ess_bulk": 476.0,
        "ess_tail": 353.0,
        "mcse_mean": 0.013
      },
      "rt_beta": {
        "rhat": 1.0,
        "ess_bulk": 476.0,
        "ess_tail": 353.0,
        "mcse_mean": 0.013
      }
    }
  },