{
  "metadata": {
    "analysis_type": "GRT-LBA",
    "extraction_timestamp": "2025-06-15T07:13:51.841927",
    "subject_id": 42
  },
  "parameter_estimates": {
    "subject_id": 42,
    "parameters": {
      "db1": {
        "mean": 0.38867212233093673,
        "std": 0.06979932996827641,
        "median": 0.40063588184438137,
        "q025": 0.23487836621099448,
        "q975": 0.49877448317372336,
        "shape": [
          2,
          500
        ]
      },
      "db2": {
        "mean": 0.3646973960210432,
        "std": 0.07701807182918263,
        "median": 0.37532749969257895,
        "q025": 0.21029033291493543,
        "q975": 0.47238150694384073,
        "shape": [
          2,
          500
        ]
      },
      "sp": {
        "mean": 0.8089923113408318,
        "std": 0.39497795379518585,
        "median": 0.7772519681215875,
        "q025": 0.23447538938227822,
        "q975": 1.6514654051564606,
        "shape": [
          2,
          500
        ]
      },
      "base_v": {
        "mean": 2.255838390228164,
        "std": 0.10911753891470082,
        "median": 2.257227484120141,
        "q025": 2.0427136060487188,
        "q975": 2.4697152397184765,
        "shape": [
          2,
          500
        ]
      },
      "choice_probs": {
        "mean": 0.25,
        "std": 0.03038960571521065,
        "median": 0.24831141277622276,
        "q025": 0.1978178353136255,
        "q975": 0.3076039803861853,
        "shape": [
          2,
          500,
          4
        ],
        "elements": [
          {
            "index": 0,
            "mean": 0.2909441011529142,
            "std": 0.012477235016781215,
            "median": 0.29130870231602685,
            "q025": 0.26786850200125106,
            "q975": 0.3143699995422684
          },
          {
            "index": 1,
            "mean": 0.24490641468376106,
            "std": 0.01185148951730001,
            "median": 0.24594626520833637,
            "q025": 0.21984455606683498,
            "q975": 0.26897566123333505
          },
          {
            "index": 2,
            "mean": 0.25202757175510965,
            "std": 0.011980652240703027,
            "median": 0.2510232866861013,
            "q025": 0.22803240199433447,
            "q975": 0.27845365639374076
          },
          {
            "index": 3,
            "mean": 0.2121219124082151,
            "std": 0.0106401465742539,
            "median": 0.21159327619141932,
            "q025": 0.1922460801364974,
            "q975": 0.2325516482712258
          }
        ]
      },
      "rt_alpha": {
        "mean": 3.255838390228164,
        "std": 0.10911753891470082,
        "median": 3.257227484120141,
        "q025": 3.0427136060487188,
        "q975": 3.4697152397184765,
        "shape": [
          2,
          500
        ]
      },
      "rt_beta": {
        "mean": 2.255838390228164,
        "std": 0.10911753891470082,
        "median": 2.257227484120141,
        "q025": 2.0427136060487188,
        "q975": 2.4697152397184765,
        "shape": [
          2,
          500
        ]
      }
    },
    "statistics": {},
    "diagnostics": {
      "db1": {
        "rhat": 1.05,
        "ess_bulk": 92.0,
        "ess_tail": 392.0,
        "mcse_mean": 0.007
      },
      "db2": {
        "rhat": 1.05,
        "ess_bulk": 75.0,
        "ess_tail": 155.0,
        "mcse_mean": 0.009
      },
      "sp": {
        "rhat": 1.11,
        "ess_bulk": 28.0,
        "ess_tail": 29.0,
        "mcse_mean": 0.054
      },
      "base_v": {
        "rhat": 1.04,
        "ess_bulk": 127.0,
        "ess_tail": 201.0,
        "mcse_mean": 0.009
      },
      "choice_probs[0]": {
        "rhat": 1.0,
        "ess_bulk": 461.0,
        "ess_tail": 745.0,
        "mcse_mean": 0.001
      },
      "choice_probs[1]": {
        "rhat": 1.0,
        "ess_bulk": 494.0,
        "ess_tail": 749.0,
        "mcse_mean": 0.001
      },
      "choice_probs[2]": {
        "rhat": 1.0,
        "ess_bulk": 522.0,
        "ess_tail": 790.0,
        "mcse_mean": 0.001
      },
      "choice_probs[3]": {
        "rhat": 1.0,
        "ess_bulk": 463.0,
        "ess_tail": 720.0,
        "mcse_mean": 0.0
      },
      "rt_alpha": {
        "rhat": 1.04,
        "ess_bulk": 127.0,
        "ess_tail": 201.0,
        "mcse_mean": 0.009
      },
      "rt_beta": {
        "rhat": 1.04,
        "ess_bulk": 127.0,
        "ess_tail": 201.0,
        "mcse_mean": 0.009
      }
    }
  },