{
  "metadata": {
    "analysis_type": "GRT-LBA",
    "extraction_timestamp": "2025-06-15T07:13:51.644917",
    "subject_id": 40
  },
  "parameter_estimates": {
    "subject_id": 40,
    "parameters": {
      "db1": {
        "mean": 0.5919557245920676,
        "std": 0.05481232573837315,
        "median": 0.583028466578078,
        "q025": 0.5059075643386428,
        "q975": 0.7131386731770273,
        "shape": [
          2,
          500
        ]
      },
      "db2": {
        "mean": 0.6875507543445338,
        "std": 0.06323081730906321,
        "median": 0.6892327652828032,
        "q025": 0.5741180711470233,
        "q975": 0.791564859258877,
        "shape": [
          2,
          500
        ]
      },
      "sp": {
        "mean": 0.6895861079614477,
        "std": 0.25368212689790764,
        "median": 0.6753845263805827,
        "q025": 0.26984401866270796,
        "q975": 1.239167643262207,
        "shape": [
          2,
          500
        ]
      },
      "base_v": {
        "mean": 2.741601976408352,
        "std": 0.12990063140597863,
        "median": 2.745696184630707,
        "q025": 2.485068722338833,
        "q975": 3.006482779349703,
        "shape": [
          2,
          500
        ]
      },
      "choice_probs": {
        "mean": 0.25,
        "std": 0.04047204691074227,
        "median": 0.2473652351896703,
        "q025": 0.18735552149759482,
        "q975": 0.3200761756664935,
        "shape": [
          2,
          500,
          4
        ],
        "elements": [
          {
            "index": 0,
            "mean": 0.20058351730309049,
            "std": 0.010023532649469057,
            "median": 0.1999679745074585,
            "q025": 0.18165192011682696,
            "q975": 0.22113325881794516
          },
          {
            "index": 1,
            "mean": 0.2657764581873291,
            "std": 0.011853803428456735,
            "median": 0.26552556734459065,
            "q025": 0.2425778149538135,
            "q975": 0.2897405605249058
          },
          {
            "index": 2,
            "mean": 0.2295323787594148,
            "std": 0.011048023703698747,
            "median": 0.22934331640248434,
            "q025": 0.20817012500398088,
            "q975": 0.25209326418745187
          },
          {
            "index": 3,
            "mean": 0.30410764575016563,
            "std": 0.012306802646681188,
            "median": 0.3046224062265692,
            "q025": 0.28029555647713256,
            "q975": 0.32811240143010506
          }
        ]
      },
      "rt_alpha": {
        "mean": 3.741601976408352,
        "std": 0.12990063140597863,
        "median": 3.745696184630707,
        "q025": 3.485068722338833,
        "q975": 4.006482779349703,
        "shape": [
          2,
          500
        ]
      },
      "rt_beta": {
        "mean": 2.741601976408352,
        "std": 0.12990063140597863,
        "median": 2.745696184630707,
        "q025": 2.485068722338833,
        "q975": 3.006482779349703,
        "shape": [
          2,
          500
        ]
      }
    },
    "statistics": {},
    "diagnostics": {
      "db1": {
        "rhat": 1.02,
        "ess_bulk": 225.0,
        "ess_tail": 362.0,
        "mcse_mean": 0.004
      },
      "db2": {
        "rhat": 1.02,
        "ess_bulk": 184.0,
        "ess_tail": 83.0,
        "mcse_mean": 0.005
      },
      "sp": {
        "rhat": 1.03,
        "ess_bulk": 100.0,
        "ess_tail": 43.0,
        "mcse_mean": 0.021
      },
      "base_v": {
        "rhat": 1.01,
        "ess_bulk": 222.0,
        "ess_tail": 254.0,
        "mcse_mean": 0.009
      },
      "choice_probs[0]": {
        "rhat": 1.0,
        "ess_bulk": 650.0,
        "ess_tail": 444.0,
        "mcse_mean": 0.0
      },
      "choice_probs[1]": {
        "rhat": 1.01,
        "ess_bulk": 511.0,
        "ess_tail": 475.0,
        "mcse_mean": 0.001
      },
      "choice_probs[2]": {
        "rhat": 1.01,
        "ess_bulk": 483.0,
        "ess_tail": 514.0,
        "mcse_mean": 0.001
      },
      "choice_probs[3]": {
        "rhat": 1.0,
        "ess_bulk": 659.0,
        "ess_tail": 464.0,
        "mcse_mean": 0.0
      },
      "rt_alpha": {
        "rhat": 1.01,
        "ess_bulk": 222.0,
        "ess_tail": 254.0,
        "mcse_mean": 0.009
      },
      "rt_beta": {
        "rhat": 1.01,
        "ess_bulk": 222.0,
        "ess_tail": 254.0,
        "mcse_mean": 0.009
      }
    }
  },