{
  "model1_metrics": {
    "cond_0": {
      "rt_mae": 0.025329011381573285,
      "ks_stat": 0.17884,
      "ks_pval": 4.985557482592084e-35,
      "quantile_mae": 0.024235636164428233,
      "choice_mae": 0.13520000000000001
    },
    "cond_1": {
      "rt_mae": 0.02380975277852182,
      "ks_stat": 0.1487799999999999,
      "ks_pval": 2.5054174408764495e-24,
      "quantile_mae": 0.023796459574769346,
      "choice_mae": 0.14
    },
    "cond_2": {
      "rt_mae": 0.02412596198669925,
      "ks_stat": 0.13768000000000002,
      "ks_pval": 6.983784165550962e-21,
      "quantile_mae": 0.02421952215724683,
      "choice_mae": 0.1316
    },
    "cond_3": {
      "rt_mae": 0.02190572213172648,
      "ks_stat": 0.14988999999999997,
      "ks_pval": 1.0949659761882207e-24,
      "quantile_mae": 0.02219118992926552,
      "choice_mae": 0.14679999999999999
    },
    "overall": {
      "mean_rt_mae": 0.02379261206963021,
      "mean_ks_stat": 0.15379749999999998,
      "mean_quantile_mae": 0.023610701956427484,
      "mean_choice_mae": 0.1384
    }
  },
  "model1plus_metrics": {
    "cond_0": {
      "rt_mae": 0.16160702118390935,
      "ks_stat": 0.86643,
      "ks_pval": 0.0,
      "quantile_mae": 0.1611867359291496,
      "choice_mae": 0.13484
    },
    "cond_1": {
      "rt_mae": 0.16736733730408182,
      "ks_stat": 0.91965,
      "ks_pval": 0.0,
      "quantile_mae": 0.16753254615495655,
      "choice_mae": 0.138745
    },
    "cond_2": {
      "rt_mae": 0.15849041108884976,
      "ks_stat": 0.87584,
      "ks_pval": 0.0,
      "quantile_mae": 0.15917641368003424,
      "choice_mae": 0.13031
    },
    "cond_3": {
      "rt_mae": 0.16308389004753332,
      "ks_stat": 0.89455,
      "ks_pval": 0.0,
      "quantile_mae": 0.16355121663937397,
      "choice_mae": 0.145785
    },
    "overall": {
      "mean_rt_mae": 0.16263716490609356,
      "mean_ks_stat": 0.8891175,
      "mean_quantile_mae": 0.1628617281008786,
      "mean_choice_mae": 0.13742
    }
  },
  "timestamp": "2025-11-19 22:59:49"
}
