{
  "metadata": {
    "analysis_type": "GRT-LBA",
    "extraction_timestamp": "2025-06-15T07:13:50.886015",
    "subject_id": 31
  },
  "parameter_estimates": {
    "subject_id": 31,
    "parameters": {
      "db1": {
        "mean": 0.3947873711382561,
        "std": 0.03993501884033856,
        "median": 0.3981814348249812,
        "q025": 0.30163003235654884,
        "q975": 0.46053036626760185,
        "shape": [
          2,
          500
        ]
      },
      "db2": {
        "mean": 0.7294202849828774,
        "std": 0.05181527096325267,
        "median": 0.7380358880965565,
        "q025": 0.6112342585156059,
        "q975": 0.7980950077436693,
        "shape": [
          2,
          500
        ]
      },
      "sp": {
        "mean": 0.4070342856043844,
        "std": 0.10309425737387433,
        "median": 0.4119982465054554,
        "q025": 0.19528937240717326,
        "q975": 0.5963160330968956,
        "shape": [
          2,
          500
        ]
      },
      "base_v": {
        "mean": 6.567327866183283,
        "std": 0.31189030770359355,
        "median": 6.555835819328278,
        "q025": 6.006929424647328,
        "q975": 7.206965825268231,
        "shape": [
          2,
          500
        ]
      },
      "choice_probs": {
        "mean": 0.25,
        "std": 0.07767907566014672,
        "median": 0.23880735192047997,
        "q025": 0.14590169650800436,
        "q975": 0.37838976761621734,
        "shape": [
          2,
          500,
          4
        ],
        "elements": [
          {
            "index": 0,
            "mean": 0.2036634627994183,
            "std": 0.01055944867591385,
            "median": 0.20364625267377062,
            "q025": 0.18345537028785897,
            "q975": 0.2251724357203361
          },
          {
            "index": 1,
            "mean": 0.3600529106157471,
            "std": 0.013313077302960465,
            "median": 0.35947512694779954,
            "q025": 0.33546288559586346,
            "q975": 0.3872539100338249
          },
          {
            "index": 2,
            "mean": 0.15761335146106017,
            "std": 0.008776937888774362,
            "median": 0.15764613241841374,
            "q025": 0.14015331887020455,
            "q975": 0.1745326797327503
          },
          {
            "index": 3,
            "mean": 0.27867027512377446,
            "std": 0.012425185739976377,
            "median": 0.27887310565618345,
            "q025": 0.2540329401112248,
            "q975": 0.3040188130098503
          }
        ]
      },
      "rt_alpha": {
        "mean": 7.567327866183283,
        "std": 0.3118903077035935,
        "median": 7.555835819328278,
        "q025": 7.006929424647328,
        "q975": 8.206965825268231,
        "shape": [
          2,
          500
        ]
      },
      "rt_beta": {
        "mean": 6.567327866183283,
        "std": 0.31189030770359355,
        "median": 6.555835819328278,
        "q025": 6.006929424647328,
        "q975": 7.206965825268231,
        "shape": [
          2,
          500
        ]
      }
    },
    "statistics": {},
    "diagnostics": {
      "db1": {
        "rhat": 1.02,
        "ess_bulk": 106.0,
        "ess_tail": 100.0,
        "mcse_mean": 0.004
      },
      "db2": {
        "rhat": 1.03,
        "ess_bulk": 66.0,
        "ess_tail": 23.0,
        "mcse_mean": 0.007
      },
      "sp": {
        "rhat": 1.02,
        "ess_bulk": 71.0,
        "ess_tail": 29.0,
        "mcse_mean": 0.012
      },
      "base_v": {
        "rhat": 1.01,
        "ess_bulk": 391.0,
        "ess_tail": 438.0,
        "mcse_mean": 0.016
      },
      "choice_probs[0]": {
        "rhat": 1.01,
        "ess_bulk": 544.0,
        "ess_tail": 613.0,
        "mcse_mean": 0.0
      },
      "choice_probs[1]": {
        "rhat": 1.01,
        "ess_bulk": 589.0,
        "ess_tail": 417.0,
        "mcse_mean": 0.001
      },
      "choice_probs[2]": {
        "rhat": 1.01,
        "ess_bulk": 616.0,
        "ess_tail": 803.0,
        "mcse_mean": 0.0
      },
      "choice_probs[3]": {
        "rhat": 1.0,
        "ess_bulk": 521.0,
        "ess_tail": 473.0,
        "mcse_mean": 0.001
      },
      "rt_alpha": {
        "rhat": 1.01,
        "ess_bulk": 391.0,
        "ess_tail": 438.0,
        "mcse_mean": 0.016
      },
      "rt_beta": {
        "rhat": 1.01,
        "ess_bulk": 391.0,
        "ess_tail": 438.0,
        "mcse_mean": 0.016
      }
    }
  },