{
  "metadata": {
    "analysis_type": "GRT-LBA",
    "extraction_timestamp": "2025-06-15T07:13:52.175249",
    "subject_id": 46
  },
  "parameter_estimates": {
    "subject_id": 46,
    "parameters": {
      "db1": {
        "mean": 0.2797383699245908,
        "std": 0.05489519199504483,
        "median": 0.27192252774019643,
        "q025": 0.20154836171192464,
        "q975": 0.3871433681679051,
        "shape": [
          2,
          500
        ]
      },
      "db2": {
        "mean": 0.35274811225823227,
        "std": 0.05243251370450964,
        "median": 0.35375311721897984,
        "q025": 0.24450946456522954,
        "q975": 0.4418756656954571,
        "shape": [
          2,
          500
        ]
      },
      "sp": {
        "mean": 0.5282279480008958,
        "std": 0.15035466398630912,
        "median": 0.5300155813096352,
        "q025": 0.24414360329088294,
        "q975": 0.8265197681108656,
        "shape": [
          2,
          500
        ]
      },
      "base_v": {
        "mean": 3.447443088754483,
        "std": 0.15226495531983206,
        "median": 3.440577535210224,
        "q025": 3.144731735392784,
        "q975": 3.7410649434900165,
        "shape": [
          2,
          500
        ]
      },
      "choice_probs": {
        "mean": 0.25,
        "std": 0.06431288793811102,
        "median": 0.24204875350513744,
        "q025": 0.1576069462006,
        "q975": 0.3622947115384876,
        "shape": [
          2,
          500,
          4
        ],
        "elements": [
          {
            "index": 0,
            "mean": 0.34434761921036866,
            "std": 0.013834879336149252,
            "median": 0.34403402842539965,
            "q025": 0.3164723241348957,
            "q975": 0.3700678090379585
          },
          {
            "index": 1,
            "mean": 0.2603837572643639,
            "std": 0.01185282410987004,
            "median": 0.26010531719287144,
            "q025": 0.23847166580755055,
            "q975": 0.2850694742399574
          },
          {
            "index": 2,
            "mean": 0.22505441394105502,
            "std": 0.010990295467390224,
            "median": 0.22507026992051207,
            "q025": 0.20404483524276784,
            "q975": 0.24661783038979052
          },
          {
            "index": 3,
            "mean": 0.17021420958421243,
            "std": 0.009724197549827882,
            "median": 0.17024508372800912,
            "q025": 0.15262470806480236,
            "q975": 0.18989135509182142
          }
        ]
      },
      "rt_alpha": {
        "mean": 4.447443088754484,
        "std": 0.15226495531983208,
        "median": 4.440577535210224,
        "q025": 4.144731735392784,
        "q975": 4.7410649434900165,
        "shape": [
          2,
          500
        ]
      },
      "rt_beta": {
        "mean": 3.447443088754483,
        "std": 0.15226495531983206,
        "median": 3.440577535210224,
        "q025": 3.144731735392784,
        "q975": 3.7410649434900165,
        "shape": [
          2,
          500
        ]
      }
    },
    "statistics": {},
    "diagnostics": {
      "db1": {
        "rhat": 1.02,
        "ess_bulk": 79.0,
        "ess_tail": 93.0,
        "mcse_mean": 0.006
      },
      "db2": {
        "rhat": 1.01,
        "ess_bulk": 102.0,
        "ess_tail": 184.0,
        "mcse_mean": 0.005
      },
      "sp": {
        "rhat": 1.03,
        "ess_bulk": 52.0,
        "ess_tail": 14.0,
        "mcse_mean": 0.018
      },
      "base_v": {
        "rhat": 1.01,
        "ess_bulk": 353.0,
        "ess_tail": 458.0,
        "mcse_mean": 0.008
      },
      "choice_probs[0]": {
        "rhat": 1.0,
        "ess_bulk": 647.0,
        "ess_tail": 519.0,
        "mcse_mean": 0.001
      },
      "choice_probs[1]": {
        "rhat": 1.0,
        "ess_bulk": 470.0,
        "ess_tail": 436.0,
        "mcse_mean": 0.001
      },
      "choice_probs[2]": {
        "rhat": 1.01,
        "ess_bulk": 448.0,
        "ess_tail": 549.0,
        "mcse_mean": 0.001
      },
      "choice_probs[3]": {
        "rhat": 1.0,
        "ess_bulk": 651.0,
        "ess_tail": 491.0,
        "mcse_mean": 0.0
      },
      "rt_alpha": {
        "rhat": 1.01,
        "ess_bulk": 353.0,
        "ess_tail": 458.0,
        "mcse_mean": 0.008
      },
      "rt_beta": {
        "rhat": 1.01,
        "ess_bulk": 353.0,
        "ess_tail": 458.0,
        "mcse_mean": 0.008
      }
    }
  },