{
  "metadata": {
    "analysis_type": "GRT-LBA",
    "extraction_timestamp": "2025-06-15T07:13:51.389623",
    "subject_id": 37
  },
  "parameter_estimates": {
    "subject_id": 37,
    "parameters": {
      "db1": {
        "mean": 0.662691320218036,
        "std": 0.03641182269626647,
        "median": 0.6611981832392542,
        "q025": 0.5958615106379243,
        "q975": 0.7444128954444309,
        "shape": [
          2,
          500
        ]
      },
      "db2": {
        "mean": 0.7415383425645766,
        "std": 0.04184193236835236,
        "median": 0.7480416752188817,
        "q025": 0.6558432949615545,
        "q975": 0.7983450675887789,
        "shape": [
          2,
          500
        ]
      },
      "sp": {
        "mean": 0.23751966163511803,
        "std": 0.04539047277361544,
        "median": 0.23922697695898934,
        "q025": 0.15187634887090679,
        "q975": 0.32024502945192274,
        "shape": [
          2,
          500
        ]
      },
      "base_v": {
        "mean": 1.2636103867162953,
        "std": 0.06470740082226056,
        "median": 1.2637983842853902,
        "q025": 1.130277975095746,
        "q975": 1.3841305319938295,
        "shape": [
          2,
          500
        ]
      },
      "choice_probs": {
        "mean": 0.25,
        "std": 0.14937429195412116,
        "median": 0.2080181845221159,
        "q025": 0.07937403297603164,
        "q975": 0.5107123534322712,
        "shape": [
          2,
          500,
          4
        ],
        "elements": [
          {
            "index": 0,
            "mean": 0.08874643905022228,
            "std": 0.007595170376644456,
            "median": 0.08854445912770613,
            "q025": 0.07567999151179614,
            "q975": 0.10615170245511385
          },
          {
            "index": 1,
            "mean": 0.24650608948611674,
            "std": 0.014409782242907487,
            "median": 0.24660802819382835,
            "q025": 0.21815599051927834,
            "q975": 0.2742762609008224
          },
          {
            "index": 2,
            "mean": 0.17594808868447373,
            "std": 0.01220296990226898,
            "median": 0.17524439317980028,
            "q025": 0.15291803512193003,
            "q975": 0.20117406356694123
          },
          {
            "index": 3,
            "mean": 0.4887993827791872,
            "std": 0.01768407081359078,
            "median": 0.4888263618644165,
            "q025": 0.4517151547561988,
            "q975": 0.5215390768401723
          }
        ]
      },
      "rt_alpha": {
        "mean": 2.2636103867162953,
        "std": 0.06470740082226056,
        "median": 2.26379838428539,
        "q025": 2.130277975095746,
        "q975": 2.3841305319938297,
        "shape": [
          2,
          500
        ]
      },
      "rt_beta": {
        "mean": 1.2636103867162953,
        "std": 0.06470740082226056,
        "median": 1.2637983842853902,
        "q025": 1.130277975095746,
        "q975": 1.3841305319938295,
        "shape": [
          2,
          500
        ]
      }
    },
    "statistics": {},
    "diagnostics": {
      "db1": {
        "rhat": 1.04,
        "ess_bulk": 49.0,
        "ess_tail": 62.0,
        "mcse_mean": 0.005
      },
      "db2": {
        "rhat": 1.05,
        "ess_bulk": 44.0,
        "ess_tail": 55.0,
        "mcse_mean": 0.007
      },
      "sp": {
        "rhat": 1.03,
        "ess_bulk": 45.0,
        "ess_tail": 34.0,
        "mcse_mean": 0.007
      },
      "base_v": {
        "rhat": 1.01,
        "ess_bulk": 209.0,
        "ess_tail": 330.0,
        "mcse_mean": 0.004
      },
      "choice_probs[0]": {
        "rhat": 1.0,
        "ess_bulk": 845.0,
        "ess_tail": 628.0,
        "mcse_mean": 0.0
      },
      "choice_probs[1]": {
        "rhat": 1.0,
        "ess_bulk": 559.0,
        "ess_tail": 389.0,
        "mcse_mean": 0.001
      },
      "choice_probs[2]": {
        "rhat": 1.0,
        "ess_bulk": 517.0,
        "ess_tail": 450.0,
        "mcse_mean": 0.001
      },
      "choice_probs[3]": {
        "rhat": 1.0,
        "ess_bulk": 830.0,
        "ess_tail": 630.0,
        "mcse_mean": 0.001
      },
      "rt_alpha": {
        "rhat": 1.01,
        "ess_bulk": 209.0,
        "ess_tail": 330.0,
        "mcse_mean": 0.004
      },
      "rt_beta": {
        "rhat": 1.01,
        "ess_bulk": 209.0,
        "ess_tail": 330.0,
        "mcse_mean": 0.004
      }
    }
  },