{
  "metadata": {
    "analysis_type": "GRT-LBA",
    "extraction_timestamp": "2025-06-15T07:13:52.091580",
    "subject_id": 45
  },
  "parameter_estimates": {
    "subject_id": 45,
    "parameters": {
      "db1": {
        "mean": 0.5139073292210825,
        "std": 0.07386153161451373,
        "median": 0.5034232922483416,
        "q025": 0.3596584368101471,
        "q975": 0.6920914277086173,
        "shape": [
          2,
          500
        ]
      },
      "db2": {
        "mean": 0.4419362346862242,
        "std": 0.07851281156611682,
        "median": 0.46121174642257745,
        "q025": 0.24355405313683243,
        "q975": 0.5567617672886824,
        "shape": [
          2,
          500
        ]
      },
      "sp": {
        "mean": 0.9313154627497614,
        "std": 0.5648243193473311,
        "median": 0.8920831912366111,
        "q025": 0.12747847449202748,
        "q975": 2.1533490456409994,
        "shape": [
          2,
          500
        ]
      },
      "base_v": {
        "mean": 1.9512359521606213,
        "std": 0.0833359496390871,
        "median": 1.9515867086302698,
        "q025": 1.796681390786321,
        "q975": 2.119936224235183,
        "shape": [
          2,
          500
        ]
      },
      "choice_probs": {
        "mean": 0.25,
        "std": 0.0144473655117304,
        "median": 0.24968133025513056,
        "q025": 0.22399316986547982,
        "q975": 0.2771927185367812,
        "shape": [
          2,
          500,
          4
        ],
        "elements": [
          {
            "index": 0,
            "mean": 0.25664350152440607,
            "std": 0.01218876173456382,
            "median": 0.2568326628439018,
            "q025": 0.23441243432068562,
            "q975": 0.2779630732044187
          },
          {
            "index": 1,
            "mean": 0.24052928539587115,
            "std": 0.011484541048200838,
            "median": 0.23984342576312767,
            "q025": 0.2189566487497746,
            "q975": 0.2629420882715569
          },
          {
            "index": 2,
            "mean": 0.25954668883681514,
            "std": 0.011946190641981129,
            "median": 0.2597993559909344,
            "q025": 0.23693583929597403,
            "q975": 0.2829133844081242
          },
          {
            "index": 3,
            "mean": 0.2432805242429077,
            "std": 0.011900094307989571,
            "median": 0.24253243899278604,
            "q025": 0.22296142775283218,
            "q975": 0.26545691651497527
          }
        ]
      },
      "rt_alpha": {
        "mean": 2.9512359521606215,
        "std": 0.08333594963908711,
        "median": 2.95158670863027,
        "q025": 2.7966813907863215,
        "q975": 3.119936224235183,
        "shape": [
          2,
          500
        ]
      },
      "rt_beta": {
        "mean": 1.9512359521606213,
        "std": 0.0833359496390871,
        "median": 1.9515867086302698,
        "q025": 1.796681390786321,
        "q975": 2.119936224235183,
        "shape": [
          2,
          500
        ]
      }
    },
    "statistics": {},
    "diagnostics": {
      "db1": {
        "rhat": 1.09,
        "ess_bulk": 294.0,
        "ess_tail": 193.0,
        "mcse_mean": 0.005
      },
      "db2": {
        "rhat": 1.01,
        "ess_bulk": 118.0,
        "ess_tail": 141.0,
        "mcse_mean": 0.007
      },
      "sp": {
        "rhat": 1.1,
        "ess_bulk": 14.0,
        "ess_tail": 9.0,
        "mcse_mean": 0.127
      },
      "base_v": {
        "rhat": 1.03,
        "ess_bulk": 91.0,
        "ess_tail": 563.0,
        "mcse_mean": 0.009
      },
      "choice_probs[0]": {
        "rhat": 1.01,
        "ess_bulk": 208.0,
        "ess_tail": 382.0,
        "mcse_mean": 0.001
      },
      "choice_probs[1]": {
        "rhat": 1.01,
        "ess_bulk": 336.0,
        "ess_tail": 579.0,
        "mcse_mean": 0.001
      },
      "choice_probs[2]": {
        "rhat": 1.01,
        "ess_bulk": 342.0,
        "ess_tail": 553.0,
        "mcse_mean": 0.001
      },
      "choice_probs[3]": {
        "rhat": 1.01,
        "ess_bulk": 204.0,
        "ess_tail": 373.0,
        "mcse_mean": 0.001
      },
      "rt_alpha": {
        "rhat": 1.03,
        "ess_bulk": 91.0,
        "ess_tail": 563.0,
        "mcse_mean": 0.009
      },
      "rt_beta": {
        "rhat": 1.03,
        "ess_bulk": 91.0,
        "ess_tail": 563.0,
        "mcse_mean": 0.009
      }
    }
  },