{
  "metadata": {
    "analysis_type": "GRT-LBA",
    "extraction_timestamp": "2025-06-15T07:13:51.309571",
    "subject_id": 36
  },
  "parameter_estimates": {
    "subject_id": 36,
    "parameters": {
      "db1": {
        "mean": 0.7314667499098744,
        "std": 0.048768932565541004,
        "median": 0.7419093649716347,
        "q025": 0.6237557024622473,
        "q975": 0.7977501985668652,
        "shape": [
          2,
          500
        ]
      },
      "db2": {
        "mean": 0.6579407100677513,
        "std": 0.04037121035693269,
        "median": 0.6573800240047301,
        "q025": 0.5855716879953244,
        "q975": 0.7369136925455729,
        "shape": [
          2,
          500
        ]
      },
      "sp": {
        "mean": 0.2875110717482216,
        "std": 0.06513152117610721,
        "median": 0.2967664316214498,
        "q025": 0.1503878799758991,
        "q975": 0.39517857728427974,
        "shape": [
          2,
          500
        ]
      },
      "base_v": {
        "mean": 2.4171140760360603,
        "std": 0.11743199071009178,
        "median": 2.4202465249780465,
        "q025": 2.1875140699592523,
        "q975": 2.6566515714697165,
        "shape": [
          2,
          500
        ]
      },
      "choice_probs": {
        "mean": 0.25,
        "std": 0.12048102852961289,
        "median": 0.2234776722305742,
        "q025": 0.10343894949278067,
        "q975": 0.45800844367072846,
        "shape": [
          2,
          500,
          4
        ],
        "elements": [
          {
            "index": 0,
            "mean": 0.11268695008214712,
            "std": 0.007505814107596924,
            "median": 0.1127980392299574,
            "q025": 0.09793855974306037,
            "q975": 0.12826402187544825
          },
          {
            "index": 1,
            "mean": 0.19529566134023404,
            "std": 0.01058798854161961,
            "median": 0.19563738535523506,
            "q025": 0.1746716914035576,
            "q975": 0.21740931715197395
          },
          {
            "index": 2,
            "mean": 0.2531822327930416,
            "std": 0.012470235067377546,
            "median": 0.2531382609532533,
            "q025": 0.22800796550069674,
            "q975": 0.27803927141088697
          },
          {
            "index": 3,
            "mean": 0.43883515578457727,
            "std": 0.014915844633236449,
            "median": 0.43862481972379663,
            "q025": 0.4098655719844925,
            "q975": 0.4697936349814888
          }
        ]
      },
      "rt_alpha": {
        "mean": 3.4171140760360603,
        "std": 0.11743199071009178,
        "median": 3.4202465249780465,
        "q025": 3.1875140699592523,
        "q975": 3.6566515714697165,
        "shape": [
          2,
          500
        ]
      },
      "rt_beta": {
        "mean": 2.4171140760360603,
        "std": 0.11743199071009178,
        "median": 2.4202465249780465,
        "q025": 2.1875140699592523,
        "q975": 2.6566515714697165,
        "shape": [
          2,
          500
        ]
      }
    },
    "statistics": {},
    "diagnostics": {
      "db1": {
        "rhat": 1.01,
        "ess_bulk": 49.0,
        "ess_tail": 31.0,
        "mcse_mean": 0.007
      },
      "db2": {
        "rhat": 1.01,
        "ess_bulk": 56.0,
        "ess_tail": 33.0,
        "mcse_mean": 0.005
      },
      "sp": {
        "rhat": 1.01,
        "ess_bulk": 49.0,
        "ess_tail": 25.0,
        "mcse_mean": 0.01
      },
      "base_v": {
        "rhat": 1.0,
        "ess_bulk": 185.0,
        "ess_tail": 434.0,
        "mcse_mean": 0.009
      },
      "choice_probs[0]": {
        "rhat": 1.0,
        "ess_bulk": 762.0,
        "ess_tail": 593.0,
        "mcse_mean": 0.0
      },
      "choice_probs[1]": {
        "rhat": 1.0,
        "ess_bulk": 633.0,
        "ess_tail": 493.0,
        "mcse_mean": 0.0
      },
      "choice_probs[2]": {
        "rhat": 1.0,
        "ess_bulk": 652.0,
        "ess_tail": 438.0,
        "mcse_mean": 0.0
      },
      "choice_probs[3]": {
        "rhat": 1.0,
        "ess_bulk": 788.0,
        "ess_tail": 530.0,
        "mcse_mean": 0.001
      },
      "rt_alpha": {
        "rhat": 1.0,
        "ess_bulk": 185.0,
        "ess_tail": 434.0,
        "mcse_mean": 0.009
      },
      "rt_beta": {
        "rhat": 1.0,
        "ess_bulk": 185.0,
        "ess_tail": 434.0,
        "mcse_mean": 0.009
      }
    }
  },